,title,abstract,author,journal,year,pdf_link,keyword
0,Tests of significance in harmonic analysis,,RA Fisher,Proceedings of the Royal Society of London,1929,https://royalsocietypublishing.org/doi/abs/10.1098/rspa.1929.0151,
0,Spectrum estimation and harmonic analysis,,DJ Thomson,"Proceedings of the IEEE, ",1982,https://ieeexplore.ieee.org/abstract/document/1456701/,
0,Generalized harmonic analysis,,N Wiener,"Acta mathematica, ",1930,https://link.springer.com/article/10.1007/BF02546511,
0,"Review of harmonic analysis, modeling and mitigation techniques",,"A Kalair, N Abas, AR Kalair, Z Saleem…",…,2017,https://www.sciencedirect.com/science/article/pii/S1364032117306226,
0,Harmonic analysis on hyperboloids,,RS Strichartz,"Journal of Functional Analysis, ",1973,https://www.sciencedirect.com/science/article/pii/0022123673900013,
0,"Harmonic Analysis in Phase Space.(AM-122), Volume 122",,GB Folland,Harmonic Analysis in Phase Space,.(AM,https://www.degruyter.com/document/doi/10.1515/9781400882427/html,
0,Harmonic analysis of neural networks,,EJ Candès,"Applied and Computational Harmonic Analysis, ",1999,https://www.sciencedirect.com/science/article/pii/S1063520398902482,
0,Data compression and harmonic analysis,,"DL Donoho, M Vetterli, RA DeVore…",IEEE transactions on,1998,https://ieeexplore.ieee.org/abstract/document/720544/,
0,Studies in harmonic analysis,,NT Varopoulos,Mathematical Proceedings of the Cambridge,1964,https://www.cambridge.org/core/journals/mathematical-proceedings-of-the-cambridge-philosophical-society/article/studies-in-harmonic-analysis/F9B6E9221D58395CA7063081057749A4,
0,Numerical methods for harmonic analysis on the sphere,,OL Colombo,,1981,https://apps.dtic.mil/sti/citations/ADA104178,
0,Problems in harmonic analysis related to curvature,,"EM Stein, S Wainger",Bulletin of the American Mathematical,1978,https://projecteuclid.org/journalArticle/Download?urlId=bams%2F1183541467,
0,Simultaneous statistical inference,,G Rupert Jr,,2012,https://books.google.com/books?hl=ko&lr=&id=4C7VBwAAQBAJ&oi=fnd&pg=PA1&ots=0tn54SfdWz&sig=yn4sgRPXDUFS6vI6ku9irGfJzoc,
0,Human auditory steady-state responses: Respuestas auditivas de estado estable en humanos,,"TW Picton, MS John, A Dimitrijevic…",International journal of,2003,https://www.tandfonline.com/doi/abs/10.3109/14992020309101316,
0,Dispersion on a sphere,,RA Fisher,Proceedings of the Royal Society of London,1953,https://royalsocietypublishing.org/doi/abs/10.1098/rspa.1953.0064,
0,Spectrum estimation and harmonic analysis,,DJ Thomson,"Proceedings of the IEEE, ",1982,https://ieeexplore.ieee.org/abstract/document/1456701/,
0,The future of data analysis,,JW Tukey,"The annals of mathematical statistics, ",1962,https://www.jstor.org/stable/2237638,
0,Detecting novel associations in large data sets,,"DN Reshef, YA Reshef, HK Finucane, SR Grossman…","science, ",2011,https://www.science.org/doi/abs/10.1126/science.1205438,
0,Advanced spectral methods for climatic time series,,"M Ghil, MR Allen, MD Dettinger, K Ide…",Reviews of,2002,https://agupubs.onlinelibrary.wiley.com/doi/abs/10.1029/2000RG000092,
0,Spectrum sensing for cognitive radio: State-of-the-art and recent advances,,"E Axell, G Leus, EG Larsson…",IEEE signal processing,2012,https://ieeexplore.ieee.org/abstract/document/6179814/,
0,Cognitive radio: brain-empowered wireless communications,,S Haykin,"IEEE journal on selected areas in communications, ",2005,https://ieeexplore.ieee.org/abstract/document/1391031/,
0,EEGLAB: an open source toolbox for analysis of single-trial EEG dynamics including independent component analysis,,"A Delorme, S Makeig","Journal of neuroscience methods, ",2004,https://www.sciencedirect.com/science/article/pii/S0165027003003479,
0,A pervasive millennial-scale cycle in North Atlantic Holocene and glacial climates,,"G Bond, W Showers, M Cheseby, R Lotti, P Almasi…","science, ",1997,https://www.science.org/doi/abs/10.1126/science.278.5341.1257,
0,An astronomically dated record of Earth's climate and its predictability over the last 66 million years,,"T Westerhold, N Marwan, AJ Drury, D Liebrand…","Science, ",2020,https://www.science.org/doi/abs/10.1126/science.aba6853,
0,MNE software for processing MEG and EEG data,,"A Gramfort, M Luessi, E Larson, DA Engemann…","Neuroimage, ",2014,https://www.sciencedirect.com/science/article/pii/S1053811913010501,
0,The random walk's guide to anomalous diffusion: a fractional dynamics approach,,"R Metzler, J Klafter","Physics reports, ",2000,https://www.sciencedirect.com/science/article/pii/S0370157300000703,
0,Characterization and analysis of porosity and pore structures,,"LM Anovitz, DR Cole",Reviews in Mineralogy and,2015,https://pubs.geoscienceworld.org/msa/rimg/article-abstract/80/1/61/140962,
0,The homogeneous chaos,,N Wiener,"American Journal of Mathematics, ",1938,https://www.jstor.org/stable/2371268,
0,"Adaptive control: stability, convergence, and robustness",,"S Sastry, M Bodson, JF Bartram",,1990,https://asa.scitation.org/doi/pdf/10.1121/1.399905,
0,The future of data analysis,,JW Tukey,"The annals of mathematical statistics, ",1962,https://www.jstor.org/stable/2237638,
0,Review of FACTS technologies and applications for power quality in smart grids with renewable energy systems,,"FH Gandoman, A Ahmadi, AM Sharaf, P Siano…",…,2018,https://www.sciencedirect.com/science/article/pii/S1364032117313151,
0,Role of energy storage systems in energy transition from fossil fuels to renewables,,"A Kalair, N Abas, MS Saleem, AR Kalair…","Energy Storage, ",2021,https://onlinelibrary.wiley.com/doi/abs/10.1002/est2.135,
0,High-level penetration of renewable energy sources into grid utility: Challenges and solutions,,"MS Alam, FS Al","Ismail, A Salem, MA A",bido,https://ieeexplore.ieee.org/abstract/document/9224611/,
0,"Power quality in microgrids including supraharmonics: Issues, standards, and mitigations",,"AA Alkahtani, STY Alfalahi, AA Athamneh…",IEEE,2020,https://ieeexplore.ieee.org/abstract/document/9136692/,
0,Optimal placement and sizing of multi-type FACTS devices in power systems using metaheuristic optimisation techniques: An updated review,,"AAL Ahmad, R Sirjani","Ain Shams Engineering Journal, ",2020,https://www.sciencedirect.com/science/article/pii/S2090447919301510,
0,"Limitations, challenges, and solution approaches in grid‐connected renewable energy systems",,"MA Basit, S Dilshad, R Badar…",…,2020,https://onlinelibrary.wiley.com/doi/abs/10.1002/er.5033,
0,A unified index for power quality evaluation in distributed generation systems,,"GS Elbasuony, SHEA Aleem, AM Ibrahim, AM Sharaf","Energy, ",2018,https://www.sciencedirect.com/science/article/pii/S0360544218303165,
0,Power quality improvement using dynamic voltage restorer,,"N Abas, S Dilshad, A Khalid, MS Saleem…","IEEE Access, ",2020,https://ieeexplore.ieee.org/abstract/document/9187675/,
0,Compensation of nonlinearity of voltage and current instrument transformers,,"A Cataliotti, V Cosentino, G Crotti…",IEEE Transactions,2018,https://ieeexplore.ieee.org/abstract/document/8574918/,
0,Research challenges in real-time classification of power quality disturbances applicable to microgrids: A systematic review,,"R Igual, C Medrano","Renewable and Sustainable Energy Reviews, ",2020,https://www.sciencedirect.com/science/article/pii/S1364032120303415,
0,Representation theory of semisimple groups: an overview based on examples,,AW Knapp,,2001,https://books.google.com/books?hl=ko&lr=&id=QCcW1h835pwC&oi=fnd&pg=PR13&ots=CaCpgfOOkf&sig=vib5o8agAFnd5BbGDD3kTKB7QtE,
0,Harmonic analysis as spectral theory of Laplacians,,RS Strichartz,"Journal of functional analysis, ",1989,https://www.sciencedirect.com/science/article/pii/0022123689900049,
0,Free partition functions and an averaged holographic duality,,N Afkhami,"Jeddi, H Cohn, T Hart",man…,https://link.springer.com/article/10.1007/JHEP01(2021)130,
0,Celestial amplitudes and conformal soft theorems,,"T Adamo, L Mason, A Sharma","Classical and Quantum Gravity, ",2019,https://iopscience.iop.org/article/10.1088/1361-6382/ab42ce/meta,
0,Discrete series for semisimple symmetric spaces,,M Flensted,Je,nsen,https://www.jstor.org/stable/1971201,
0,Homogeneous functions on light cones: the infinitesimal structure of some degenerate principal series representations,,"RE Howe, EC Tan","Bulletin of the American Mathematical Society, ",1993,https://www.ams.org/bull/1993-28-01/S0273-0979-1993-00360-4/,
0,Lp estimates for Radon transforms in Euclidean and non-Euclidean spaces,,RS Strichartz,"Duke Mathematical Journal, ",1981,https://projecteuclid.org/journalArticle/Download?urlId=10.1215%2FS0012-7094-81-04839-0,
0,"Quaternionic analysis, representation theory and physics",,"I Frenkel, M Libine","Advances in Mathematics, ",2008,https://www.sciencedirect.com/science/article/pii/S0001870808000935,
0,"Split quaternionic analysis and separation of the series for SL (2, R) and SL (2, C)/SL (2, R)",,"I Frenkel, M Libine","Advances in Mathematics, ",2011,https://www.sciencedirect.com/science/article/pii/S0001870811001897,
0,Quantization methods: a guide for physicists and analysts,,"ST Ali, M Engliš","Reviews in Mathematical Physics, ",2005,https://www.worldscientific.com/doi/abs/10.1142/S0129055X05002376,
0,Computing quantum dynamics in the semiclassical regime,,"C Lasser, C Lubich","Acta Numerica, ",2020,https://www.cambridge.org/core/journals/acta-numerica/article/computing-quantum-dynamics-in-the-semiclassical-regime/05B21469F9D9557EA7A0117B6C7954E3,
0,Introduction to partial differential equations,,GB Folland,"Introduction to Partial Differential Equations, ",2020,https://www.degruyter.com/document/doi/10.1515/9780691213033/html,
0,Gauge algebra and quantization,,"IA Batalin, GA Vilkovisky","Quantum Gravity, ",1984,https://link.springer.com/chapter/10.1007/978-1-4613-2701-1_28,
0,A comprehensive survey on impulse and Gaussian denoising filters for digital images,,"M Mafi, H Martin, M Cabrerizo, J Andrian, A Barreto…","Signal Processing, ",2019,https://www.sciencedirect.com/science/article/pii/S0165168418303979,
0,Implicit neural representations with periodic activation functions,,"V Sitzmann, J Martel, A Bergman…",Advances in,2020,https://proceedings.neurips.cc/paper/2020/hash/53c04118df112c13a8c34b38343b9c10-Abstract.html,
0,Fast discrete curvelet transforms,,"E Candes, L Demanet, D Donoho, L Ying","multiscale modeling & simulation, ",2006,https://epubs.siam.org/doi/abs/10.1137/05064182X,
0,The curvelet transform for image denoising,,"JL Starck, EJ Candès…",IEEE Transactions on,2002,https://ieeexplore.ieee.org/abstract/document/1014998/,
0,Curvelets: A surprisingly effective nonadaptive representation for objects with edges,,"EJ Candes, DL Donoho",,2000,https://apps.dtic.mil/sti/citations/ADP011978,
0,New tight frames of curvelets and optimal representations of objects with piecewise C2 singularities,,"EJ Candès, DL Donoho",…,2004,https://onlinelibrary.wiley.com/doi/abs/10.1002/cpa.10116,
0,On the spectral bias of neural networks,,"N Rahaman, A Baratin, D Arpit…",International,2019,http://proceedings.mlr.press/v97/rahaman19a.html,
0,Approximate nonlinear forecasting methods,,H White,"Handbook of economic forecasting, ",2006,https://www.sciencedirect.com/science/article/pii/S1574070605010098,
0,Image decomposition via the combination of sparse representations and a variational approach,,"JL Starck, M Elad, DL Donoho",IEEE transactions on image,2005,https://ieeexplore.ieee.org/abstract/document/1510691/,
0,Ridgelets: A key to higher-dimensional intermittency?,,"EJ Candès, DL Donoho",…,1999,https://royalsocietypublishing.org/doi/abs/10.1098/rsta.1999.0444,
0,Finding structure with randomness: Probabilistic algorithms for constructing approximate matrix decompositions,,"N Halko, PG Martinsson, JA Tropp","SIAM review, ",2011,https://epubs.siam.org/doi/abs/10.1137/090771806,
0,Compressive sampling,,EJ Candès,Proceedings of the international congress of,2006,https://www.academia.edu/download/6282528/10.1.1.85.1434.pdf,
0,Compressed sensing,,DL Donoho,"IEEE Transactions on information theory, ",2006,https://ieeexplore.ieee.org/abstract/document/1614066/,
0,Near-optimal signal recovery from random projections: Universal encoding strategies?,,"EJ Candes, T Tao","IEEE transactions on information theory, ",2006,https://ieeexplore.ieee.org/abstract/document/4016283/,
0,An invitation to compressive sensing,,"S Foucart, H Rauhut","A mathematical introduction to compressive sensing, ",2013,https://link.springer.com/chapter/10.1007/978-0-8176-4948-7_1,
0,The contourlet transform: an efficient directional multiresolution image representation,,"MN Do, M Vetterli","IEEE Transactions on image processing, ",2005,https://ieeexplore.ieee.org/abstract/document/1532309/,
0,New tight frames of curvelets and optimal representations of objects with piecewise C2 singularities,,"EJ Candès, DL Donoho",…,2004,https://onlinelibrary.wiley.com/doi/abs/10.1002/cpa.10116,
0,Iterative thresholding for sparse approximations,,"T Blumensath, ME Davies","Journal of Fourier analysis and Applications, ",2008,https://link.springer.com/article/10.1007/s00041-008-9035-z,
0,Sparse directional image representations using the discrete shearlet transform,,"G Easley, D Labate, WQ Lim",Applied and Computational Harmonic,2008,https://www.sciencedirect.com/science/article/pii/S1063520307000875,
0,Beyond Nyquist: Efficient sampling of sparse bandlimited signals,,"JA Tropp, JN Laska, MF Duarte…",IEEE transactions on,2009,https://ieeexplore.ieee.org/abstract/document/5361485/,
0,The structure of compact groups,,"KH Hofmann, SA Morris","The Structure of Compact Groups, ",2020,https://www.degruyter.com/document/doi/10.1515/9783110695991/html,
0,Topological groups,,D Dikranjan,"Encyclopedia of General Topology, ",2003,https://www.sciencedirect.com/science/article/pii/B9780444503558500957,
0,On Mackey topology for groups,,"MJ Chasco, E Martín","Peinador, V Tariel",adze,https://dadun.unav.edu/bitstream/10171/2023/1/1999.StudiaMat.pdf,
0,On comparison theorems for generalized moduli of continuity,,J Boman,Linear Operators and Approximation II/Lineare,1974,https://link.springer.com/chapter/10.1007/978-3-0348-5991-2_8,
0,Equivalence of generalized moduli of continuity,,J Boman,"Arkiv för Matematik, ",1980,https://projecteuclid.org/journalArticle/Download?urlid=10.1007%2FBF02384682,
0,The concept of boundedness and the Bohr compactification of a MAP abelian group,,"J Galindo, S Hernández","Fundamenta Mathematicae, ",1999,https://bibliotekanauki.pl/articles/1205259.pdf,
0,Relating a locally compact Abelian group to its Bohr compactification,,"WW Comfort, S Hernández, FJ Trigos",Arr,ieta,https://www.sciencedirect.com/science/article/pii/S0001870896900420,
0,Group valued null sequences and metrizable non-Mackey groups,,"D Dikranjan, E Martín",Peina,dor…,https://www.degruyter.com/document/doi/10.1515/forum-2011-0099/html,
0,The use of FFT techniques in physical geodesy,,"KP Schwarz, MG Sideris…",Geophysical Journal,1990,https://academic.oup.com/gji/article-abstract/100/3/485/666648,
0,The development and evaluation of the Earth Gravitational Model 2008 (EGM2008),,"NK Pavlis, SA Holmes, SC Kenyon…",Journal of geophysical,2012,https://agupubs.onlinelibrary.wiley.com/doi/abs/10.1029/2011JB008916,
0,First GOCE gravity field models derived by three different approaches,,"R Pail, S Bruinsma, F Migliaccio, C Förste…",Journal of,2011,https://link.springer.com/article/10.1007/s00190-011-0467-x,
0,GOCO05c: a new combined gravity field model based on full normal equations and regionally varying weighting,,"T Fecher, R Pail, T Gruber","Surveys in geophysics, ",2017,https://link.springer.com/article/10.1007/s10712-016-9406-y,
0,A unified approach to the Clenshaw summation and the recursive computation of very high degree and order normalised associated Legendre functions,,"SA Holmes, WE Featherstone","Journal of Geodesy, ",2002,https://link.springer.com/article/10.1007/s00190-002-0216-2,
0,Terrain-related gravimetric quantities computed for the next EGM,,"NK Pavlis, JK Factor, SA Holmes",Proceedings of the 1st,2007,https://www.researchgate.net/profile/N-Pavlis/publication/229045443_Terrain-related_gravimetric_quantities_computed_for_the_next_EGM/links/53ff0a6b0cf283c3583c3fec/Terrain-related-gravimetric-quantities-computed-for-the-next-EGM.pdf,
0,The development and analysis of geopotential coefficient models to spherical harmonic degree 360,,"RH Rapp, NK Pavlis",Journal of Geophysical Research: Solid,1990,https://agupubs.onlinelibrary.wiley.com/doi/abs/10.1029/JB095iB13p21885,
0,GECO: a global gravity model by locally combining GOCE data and EGM2008,,"M Gilardoni, M Reguzzoni, D Sampietro",Studia Geophysica et,2016,https://link.springer.com/article/10.1007/s11200-015-1114-4,
0,Global spherical harmonic analysis by least-squares and numerical quadrature methods in historical perspective,,N Sneeuw,"Geophysical Journal International, ",1994,https://academic.oup.com/gji/article-abstract/118/3/707/581995,
0,Calderón-Zygmund theory for operator-valued kernels,,"JLR de Francia, FJ Ruiz, JL Torrea","Advances in Mathematics, ",1986,https://core.ac.uk/download/pdf/81150095.pdf,
0,Harmonic analysis on nilpotent groups and singular integrals I. Oscillatory integrals,,"F Ricci, EM Stein","Journal of Functional Analysis, ",1987,https://www.sciencedirect.com/science/article/pii/0022123687900644,
0,Polynomial growth estimates for multilinear singular integral operators,,"M Christ, JL Journé","Acta mathematica, ",1987,https://projecteuclid.org/journalArticle/Download?urlid=10.1007%2FBF02392554,
0,"Hilbert integrals, singular integrals, and Radon transforms I",,"DH Phong, EM Stein","Acta mathematica, ",1986,https://projecteuclid.org/journalArticle/Download?urlid=10.1007%2FBF02392592,
0,Singular integral operators with rough kernels supported by subvarieties,,"D Fan, Y Pan","American Journal of Mathematics, ",1997,https://muse.jhu.edu/article/755/summary,
0,Principal curvature and harmonic analysis,,A Greenleaf,"Indiana University Mathematics Journal, ",1981,https://www.jstor.org/stable/24893018,
0,Adjusting for multiple testing—when and how?,,"R Bender, S Lange","Journal of clinical epidemiology, ",2001,https://www.sciencedirect.com/science/article/pii/S0895435600003140,
0,Multiple hypothesis testing,,JP Shaffer,"Annual review of psychology, ",1995,https://www.annualreviews.org/doi/pdf/10.1146/annurev.ps.46.020195.003021,
0,Analyzing tables of statistical tests,,WR Rice,"Evolution, ",1989,https://www.jstor.org/stable/2409177,
0,A new criterion for assessing discriminant validity in variance-based structural equation modeling,,"J Henseler, CM Ringle, M Sarstedt",Journal of the academy of marketing,2015,https://link.springer.com/article/10.1007/s11747-014-0403-8,
0,A simple sequentially rejective multiple test procedure,,S Holm,"Scandinavian journal of statistics, ",1979,https://www.jstor.org/stable/4615733,
0,A comprehensive review of EEG-based brain–computer interface paradigms,,"R Abiri, S Borhani, EW Sellers, Y Jiang…",Journal of neural,2019,https://iopscience.iop.org/article/10.1088/1741-2552/aaf12e/meta,
0,Entrainment of perceptually relevant brain oscillations by non-invasive rhythmic stimulation of the human brain,,"G Thut, PG Schyns, J Gross","Frontiers in psychology, ",2011,https://www.frontiersin.org/articles/10.3389/fpsyg.2011.00170/full,
0,Visual and auditory brain–computer interfaces,,"S Gao, Y Wang, X Gao, B Hong",IEEE Transactions on,2014,https://ieeexplore.ieee.org/abstract/document/6712069/,
0,Brain–computer interface systems: progress and prospects,,"BZ Allison, EW Wolpaw, JR Wolpaw",Expert review of medical,2007,https://www.tandfonline.com/doi/abs/10.1586/17434440.4.4.463,
0,Frequency modulation entrains slow neural oscillations and optimizes human listening behavior,,"MJ Henry, J Obleser",…,2012,https://www.pnas.org/doi/abs/10.1073/pnas.1213390109,
0,tACS motor system effects can be caused by transcutaneous stimulation of peripheral nerves,,"B Asamoah, A Khatoun, M Mc Laughlin","Nature communications, ",2019,https://www.nature.com/articles/s41467-018-08183-w,
0,Envelope and spectral frequency-following responses to vowel sounds,,"SJ Aiken, TW Picton","Hearing research, ",2008,https://www.sciencedirect.com/science/article/pii/S0378595508001743,
0,Individual differences reveal correlates of hidden hearing deficits,,"HM Bharadwaj, S Masud, G Mehraei…",Journal of,2015,https://www.jneurosci.org/content/35/5/2161.short,
0,Listening to tailor-made notched music reduces tinnitus loudness and tinnitus-related auditory cortex activity,,"H Okamoto, H Stracke, W Stoll…",Proceedings of the,2010,https://www.pnas.org/doi/abs/10.1073/pnas.0911268107,
0,Auditory steady-state responses to chirp stimuli based on cochlear traveling wave delay,,"C Elberling, M Don, M Cebulla…",The Journal of the,2007,https://asa.scitation.org/doi/abs/10.1121/1.2783985,
0,Orogenic architecture of the Mediterranean region and kinematic reconstruction of its tectonic evolution since the Triassic,,"DJJ Van Hinsbergen, TH Torsvik, SM Schmid…",Gondwana,2020,https://www.sciencedirect.com/science/article/pii/S1342937X19302230,
0,Global plate motion frames: toward a unified model,,"TH Torsvik, RD Müller, R Van der Voo…",Reviews of,2008,https://agupubs.onlinelibrary.wiley.com/doi/abs/10.1029/2007RG000227,
0,The least-squares line and plane and the analysis of palaeomagnetic data,,JL Kirschvink,"Geophysical Journal International, ",1980,https://academic.oup.com/gji/article-abstract/62/3/699/655282,
0,CircStat: a MATLAB toolbox for circular statistics,,P Berens,"Journal of statistical software, ",2009,https://www.jstatsoft.org/index.php/jss/article/view/v031i10,
0,Statistics of directional data,,KV Mardia,Journal of the Royal Statistical Society: Series B,1975,https://rss.onlinelibrary.wiley.com/doi/abs/10.1111/j.2517-6161.1975.tb01550.x,
0,Plenoctrees for real-time rendering of neural radiance fields,,"A Yu, R Li, M Tancik, H Li, R Ng…",Proceedings of the,2021,http://openaccess.thecvf.com/content/ICCV2021/html/Yu_PlenOctrees_for_Real-Time_Rendering_of_Neural_Radiance_Fields_ICCV_2021_paper.html,
0,Advanced spectral methods for climatic time series,,"M Ghil, MR Allen, MD Dettinger, K Ide…",Reviews of,2002,https://agupubs.onlinelibrary.wiley.com/doi/abs/10.1029/2000RG000092,
0,Spectrum sensing for cognitive radio: State-of-the-art and recent advances,,"E Axell, G Leus, EG Larsson…",IEEE signal processing,2012,https://ieeexplore.ieee.org/abstract/document/6179814/,
0,Cognitive radio: brain-empowered wireless communications,,S Haykin,"IEEE journal on selected areas in communications, ",2005,https://ieeexplore.ieee.org/abstract/document/1391031/,
0,EEGLAB: an open source toolbox for analysis of single-trial EEG dynamics including independent component analysis,,"A Delorme, S Makeig","Journal of neuroscience methods, ",2004,https://www.sciencedirect.com/science/article/pii/S0165027003003479,
0,A pervasive millennial-scale cycle in North Atlantic Holocene and glacial climates,,"G Bond, W Showers, M Cheseby, R Lotti, P Almasi…","science, ",1997,https://www.science.org/doi/abs/10.1126/science.278.5341.1257,
0,An astronomically dated record of Earth's climate and its predictability over the last 66 million years,,"T Westerhold, N Marwan, AJ Drury, D Liebrand…","Science, ",2020,https://www.science.org/doi/abs/10.1126/science.aba6853,
0,MNE software for processing MEG and EEG data,,"A Gramfort, M Luessi, E Larson, DA Engemann…","Neuroimage, ",2014,https://www.sciencedirect.com/science/article/pii/S1053811913010501,
0,The earth is round (p<. 05),,J Cohen,"What if there were no significance tests?, ",2016,https://www.taylorfrancis.com/chapters/edit/10.4324/9781315629049-14/earth-round-05-jacob-cohen,
0,The test of significance in psychological research.,,D Bakan,"Psychological bulletin, ",1966,https://psycnet.apa.org/record/2005-10045-001,
0,The behavior of stock-market prices,,EF Fama,"The journal of Business, ",1965,https://www.jstor.org/stable/2350752,
0,Maximum Likelihood from Incomplete Data Via the EM Algorithm,,"AP Dempster, NM Laird…",Journal of the Royal,1977,https://rss.onlinelibrary.wiley.com/doi/abs/10.1111/j.2517-6161.1977.tb01600.x,
0,Techniques for testing the constancy of regression relationships over time,,"RL Brown, J Durbin, JM Evans",Journal of the Royal Statistical,1975,https://rss.onlinelibrary.wiley.com/doi/abs/10.1111/j.2517-6161.1975.tb01532.x,
0,A second generation little jiffy.,,HF Kaiser,,1970,https://psycnet.apa.org/record/1972-07976-001,
0,Microbial interactions: from networks to models,,"K Faust, J Raes","Nature Reviews Microbiology, ",2012,https://www.nature.com/articles/nrmicro2832,
0,The human microbiome: at the interface of health and disease,,"I Cho, MJ Blaser","Nature Reviews Genetics, ",2012,https://www.nature.com/articles/nrg3182,
0,Keystone taxa as drivers of microbiome structure and functioning,,"S Banerjee, K Schlaeppi…",Nature Reviews,2018,https://www.nature.com/articles/s41579-018-0024-1,
0,Host remodeling of the gut microbiome and metabolic changes during pregnancy,,"O Koren, JK Goodrich, TC Cullender, A Spor…","Cell, ",2012,https://www.sciencedirect.com/science/article/pii/S009286741200829X,
0,Agricultural intensification reduces microbial network complexity and the abundance of keystone taxa in roots,,"S Banerjee, F Walder, L Büchi, M Meyer, AY Held…",The ISME,2019,https://www.nature.com/articles/s41396-019-0383-2,
0,Natural products for drug discovery in the 21st century: innovations for novel drug discovery,,"NE Thomford, DA Senthebane, A Rowe…",International journal of,2018,https://www.mdpi.com/297962,
0,A radiomics model from joint FDG-PET and MRI texture features for the prediction of lung metastases in soft-tissue sarcomas of the extremities,,"M Vallières, CR Freeman, SR Skamene…",Physics in Medicine &,2015,https://iopscience.iop.org/article/10.1088/0031-9155/60/14/5471/meta,
0,CluePedia Cytoscape plugin: pathway insights using integrated experimental and in silico data,,"G Bindea, J Galon, B Mlecnik","Bioinformatics, ",2013,https://academic.oup.com/bioinformatics/article-abstract/29/5/661/253004,
0,Empirical orthogonal functions and related techniques in atmospheric science: A review,,"A Hannachi, IT Jolliffe…",International Journal of,2007,https://rmets.onlinelibrary.wiley.com/doi/abs/10.1002/joc.1499,
0,Climate over past millennia,,"PD Jones, ME Mann","Reviews of Geophysics, ",2004,https://agupubs.onlinelibrary.wiley.com/doi/abs/10.1029/2003RG000143,
0,Ensemble empirical mode decomposition: a noise-assisted data analysis method,,"Z Wu, NE Huang","Advances in adaptive data analysis, ",2009,https://www.worldscientific.com/doi/abs/10.1142/S1793536909000047,
0,A study of the characteristics of white noise using the empirical mode decomposition method,,"Z Wu, NE Huang",Proceedings of the Royal Society of,2004,https://royalsocietypublishing.org/doi/abs/10.1098/rspa.2003.1221,
0,Echo chambers: Emotional contagion and group polarization on facebook,,"M Del Vicario, G Vivaldo, A Bessi, F Zollo, A Scala…","Scientific reports, ",2016,https://www.nature.com/articles/srep37825,
0,"The Norwegian Earth System Model, NorESM1-M–Part 1: description and basic evaluation of the physical climate",,"M Bentsen, I Bethke, JB Debernard…",Geoscientific Model,2013,https://gmd.copernicus.org/articles/6/687/2013/,
0,Simultaneous seismic data denoising and reconstruction via multichannel singular spectrum analysis,,"V Oropeza, M Sacchi","Geophysics, ",2011,https://library.seg.org/doi/abs/10.1190/1.3552706,
0,Evidence for global runoff increase related to climate warming,,"D Labat, Y Goddéris, JL Probst, JL Guyot","Advances in water resources, ",2004,https://www.sciencedirect.com/science/article/pii/S0309170804000478,
0,Recent advances in wavelet analyses: Part 1. A review of concepts,,D Labat,"Journal of Hydrology, ",2005,https://www.sciencedirect.com/science/article/pii/S0022169405001769,
0,Surrogate data for hypothesis testing of physical systems,,"G Lancaster, D Iatsenko, A Pidde, V Ticcinelli…","Physics Reports, ",2018,https://www.sciencedirect.com/science/article/pii/S0370157318301340,
0,Advances on spectrum sensing for cognitive radio networks: Theory and applications,,"A Ali, W Hamouda","IEEE communications surveys & tutorials, ",2016,https://ieeexplore.ieee.org/abstract/document/7748543/,
0,A survey on fundamental limits of integrated sensing and communication,,"A Liu, Z Huang, M Li, Y Wan, W Li…",…,2022,https://ieeexplore.ieee.org/abstract/document/9705498/,
0,LEO satellite constellation for Internet of Things,,"Z Qu, G Zhang, H Cao, J Xie","IEEE access, ",2017,https://ieeexplore.ieee.org/abstract/document/8002583/,
0,End-to-end learning from spectrum data: A deep learning approach for wireless signal identification in spectrum monitoring applications,,"M Kulin, T Kazaz, I Moerman, E De Poorter","IEEE access, ",2018,https://ieeexplore.ieee.org/abstract/document/8325299/,
0,Intelligent reflecting surface assisted non-orthogonal multiple access,,"G Yang, X Xu, YC Liang",2020 IEEE wireless communications,2020,https://ieeexplore.ieee.org/abstract/document/9120476/,
0,Deep CM-CNN for spectrum sensing in cognitive radio,,"C Liu, J Wang, X Liu, YC Liang",IEEE Journal on Selected,2019,https://ieeexplore.ieee.org/abstract/document/8792213/,
0,"A tutorial on interference exploitation via symbol-level precoding: overview, state-of-the-art and future directions",,"A Li, D Spano, J Krivochiza…",…,2020,https://ieeexplore.ieee.org/abstract/document/9035662/,
0,Full-duplex communication in cognitive radio networks: A survey,,"M Amjad, F Akhtar, MH Rehmani…",…,2017,https://ieeexplore.ieee.org/abstract/document/7955106/,
0,Interference mitigation processing for spectrum-sharing between radar and wireless communications systems,,"H Deng, B Himed",IEEE Transactions on Aerospace and,2013,https://ieeexplore.ieee.org/abstract/document/6558027/,
0,Cognitive radio techniques under practical imperfections: A survey,,"SK Sharma, TE Bogale, S Chatzinotas…",…,2015,https://ieeexplore.ieee.org/abstract/document/7147789/,
0,A survey of spectrum sensing algorithms for cognitive radio applications,,"T Yucek, H Arslan","IEEE communications surveys & tutorials, ",2009,https://ieeexplore.ieee.org/abstract/document/4796930/,
0,"Internet of things: Vision, applications and research challenges",,"D Miorandi, S Sicari, F De Pellegrini, I Chlamtac","Ad hoc networks, ",2012,https://www.sciencedirect.com/science/article/pii/S1570870512000674,
0,NeXt generation/dynamic spectrum access/cognitive radio wireless networks: A survey,,"IF Akyildiz, WY Lee, MC Vuran, S Mohanty","Computer networks, ",2006,https://www.sciencedirect.com/science/article/pii/S1389128606001009,
0,An overview of signal processing techniques for millimeter wave MIMO systems,,"RW Heath, N Gonzalez",Prel,cic…,https://ieeexplore.ieee.org/abstract/document/7400949/,
0,"The Internet of Things vision: Key features, applications and open issues",,E Borgia,"Computer Communications, ",2014,https://www.sciencedirect.com/science/article/pii/S0140366414003168,
0,Deep reinforcement learning: An overview,,Y Li,"arXiv preprint arXiv:1701.07274, ",2017,https://arxiv.org/abs/1701.07274,
0,Non-orthogonal multiple access for 5G and beyond,,"Y Liu, Z Qin, M Elkashlan, Z Ding…",Proceedings of the,2017,https://eprints.soton.ac.uk/415275/,
0,Sensing-throughput tradeoff for cognitive radio networks,,"YC Liang, Y Zeng, ECY Peh…",IEEE transactions on,2008,https://ieeexplore.ieee.org/abstract/document/4489760/,
0,Breaking spectrum gridlock with cognitive radios: An information theoretic perspective,,"A Goldsmith, SA Jafar, I Maric…",Proceedings of the,2009,https://ieeexplore.ieee.org/abstract/document/4840529/,
0,Mining event-related brain dynamics,,"S Makeig, S Debener, J Onton, A Delorme","Trends in cognitive sciences, ",2004,https://www.sciencedirect.com/science/article/pii/S1364661304000816,
0,Mass univariate analysis of event‐related brain potentials/fields I: A critical tutorial review,,"DM Groppe, TP Urbach, M Kutas","Psychophysiology, ",2011,https://onlinelibrary.wiley.com/doi/abs/10.1111/j.1469-8986.2011.01273.x,
0,"FieldTrip: open source software for advanced analysis of MEG, EEG, and invasive electrophysiological data",,"R Oostenveld, P Fries, E Maris…",Computational,2011,https://www.hindawi.com/journals/cin/2011/156869/,
0,ERPLAB: an open-source toolbox for the analysis of event-related potentials,,J Lopez,"Calderon, SJ ",Luck,https://www.frontiersin.org/articles/10.3389/fnhum.2014.00213/full,
0,Brainstorm: a user-friendly application for MEG/EEG analysis,,"F Tadel, S Baillet, JC Mosher, D Pantazis…",Computational,2011,https://www.hindawi.com/journals/cin/2011/879716/,
0,EEGNet: a compact convolutional neural network for EEG-based brain–computer interfaces,,"VJ Lawhern, AJ Solon, NR Waytowich…",Journal of neural,2018,https://iopscience.iop.org/article/10.1088/1741-2552/aace8c/meta,
0,Video game training enhances cognitive control in older adults,,"JA Anguera, J Boccanfuso, JL Rintoul, O Al",Hash,imi…,https://www.nature.com/articles/nature12486,
0,MNE software for processing MEG and EEG data,,"A Gramfort, M Luessi, E Larson, DA Engemann…","Neuroimage, ",2014,https://www.sciencedirect.com/science/article/pii/S1053811913010501,
0,Mid-to Late Holocene climate change: an overview,,"H Wanner, J Beer, J Bütikofer, TJ Crowley…",Quaternary Science,2008,https://www.sciencedirect.com/science/article/pii/S0277379108001479,
0,Hydrological changes in the African tropics since the Last Glacial Maximum,,F Gasse,"Quaternary Science Reviews, ",2000,https://www.sciencedirect.com/science/article/pii/S027737919900061X,
0,Persistent solar influence on North Atlantic climate during the Holocene,,"G Bond, B Kromer, J Beer, R Muscheler, MN Evans…","Science, ",2001,https://www.science.org/doi/abs/10.1126/science.1065680,
0,Holocene climate variability,,"PA Mayewski, EE Rohling, JC Stager, W Karlén…",Quaternary,2004,https://www.cambridge.org/core/journals/quaternary-research/article/holocene-climate-variability/9D5820166233573D10501765DDF8F213,
0,"Millennial-and orbital-scale changes in the East Asian monsoon over the past 224,000 years",,"Y Wang, H Cheng, RL Edwards, X Kong, X Shao…","Nature, ",2008,https://www.nature.com/articles/nature06692,
0,Heinrich events: Massive late Pleistocene detritus layers of the North Atlantic and their global climate imprint,,SR Hemming,"Reviews of Geophysics, ",2004,https://agupubs.onlinelibrary.wiley.com/doi/abs/10.1029/2003RG000128,
0,"Formal subdivision of the Holocene Series/Epoch: a Discussion Paper by a Working Group of INTIMATE (Integration of ice‐core, marine and terrestrial records) and …",,"MJC Walker, M Berkelhammer, S Björck…",Journal of,2012,https://onlinelibrary.wiley.com/doi/abs/10.1002/jqs.2565,
0,Fluvial responses to climate and sea‐level change: a review and look forward,,"MD Blum, TE Törnqvist","Sedimentology, ",2000,https://onlinelibrary.wiley.com/doi/abs/10.1046/j.1365-3091.2000.00008.x,
0,Low-frequency signals in long tree-ring chronologies for reconstructing past temperature variability,,"J Esper, ER Cook, FH Schweingruber","science, ",2002,https://www.science.org/doi/abs/10.1126/science.1066208,
0,Atmospheric CO2 over the past 66 million years from marine archives,,"JWB Rae, YG Zhang, X Liu, GL Foster, HM Stoll…",Annual Review of Earth,2021,https://arevie.ws/2210_CO2,
0,"The Eocene–Oligocene transition: a review of marine and terrestrial proxy data, models and model–data comparisons",,"DK Hutchinson, HK Coxall, DJ Lunt…",Climate of the,2021,https://cp.copernicus.org/articles/17/269/2021/,
0,We need biosphere stewardship that protects carbon sinks and builds resilience,,"J Rockström, T Beringer, D Hole…",Proceedings of the,2021,https://www.pnas.org/doi/abs/10.1073/pnas.2115218118,
0,The rise and demise of the Paleogene Central Tibetan Valley,,"Z Xiong, X Liu, L Ding, A Farnsworth, RA Spicer…",Science,2022,https://www.science.org/doi/abs/10.1126/sciadv.abj0944,
0,A high-resolution record of early Paleozoic climate,,"SL Goldberg, TM Present…",Proceedings of the,2021,https://www.pnas.org/doi/abs/10.1073/pnas.2013083118,
0,Eocene to Oligocene terrestrial Southern Hemisphere cooling caused by declining pCO2,,"V Lauretano, AT Kennedy","Asser, VA Korasi",dis…,https://www.nature.com/articles/s41561-021-00788-z,
0,The rise of grasslands is linked to atmospheric CO2 decline in the late Palaeogene,,"L Palazzesi, O Hidalgo, VD Barreda, F Forest…",Nature,2022,https://www.nature.com/articles/s41467-021-27897-y,
0,"Northern Hemisphere Glaciation, African climate and human evolution",,"MH Trauth, A Asrat, N Berner, F Bibi, V Foerster…",Quaternary Science,2021,https://www.sciencedirect.com/science/article/pii/S0277379121003024,
0,Eccentricity-paced monsoon variability on the northeastern Tibetan Plateau in the Late Oligocene high CO2 world,,"H Ao, D Liebrand, MJ Dekkers, P Zhang, Y Song…",Science,2021,https://www.science.org/doi/abs/10.1126/sciadv.abk2318,
0,Global warming-induced Asian hydrological climate transition across the Miocene–Pliocene boundary,,"H Ao, EJ Rohling, R Zhang, AP Roberts…",Nature,2021,https://www.nature.com/articles/s41467-021-27054-5,
0,"Assessing and tuning brain decoders: cross-validation, caveats, and guidelines",,"G Varoquaux, PR Raamana, DA Engemann…","NeuroImage, ",2017,https://www.sciencedirect.com/science/article/pii/S105381191630595X,
0,Decoding dynamic brain patterns from evoked responses: A tutorial on multivariate pattern analysis applied to time series neuroimaging data,,"T Grootswagers, SG Wardle…",Journal of cognitive,2017,https://direct.mit.edu/jocn/article-abstract/29/4/677/28605,
0,Parameterizing neural power spectra into periodic and aperiodic components,,"T Donoghue, M Haller, EJ Peterson, P Varma…",Nature,2020,https://www.nature.com/articles/s41593-020-00744-x,
0,MEG and EEG data analysis with MNE-Python,,"A Gramfort, M Luessi, E Larson…",Frontiers in,2013,https://www.frontiersin.org/articles/10.3389/fnins.2013.00267/full?source=post_page-----58aae90351e5----------------------,
0,A deep learning architecture for temporal sleep stage classification using multivariate and multimodal time series,,"S Chambon, MN Galtier, PJ Arnal…",…,2018,https://ieeexplore.ieee.org/abstract/document/8307462/,
0,"EEG-BIDS, an extension to the brain imaging data structure for electroencephalography",,"CR Pernet, S Appelhoff, KJ Gorgolewski, G Flandin…","Scientific data, ",2019,https://www.nature.com/articles/s41597-019-0104-8,
0,Robust EEG-based cross-site and cross-protocol classification of states of consciousness,,"DA Engemann, F Raimondo, JR King, B Rohaut…","Brain, ",2018,https://academic.oup.com/brain/article-abstract/141/11/3179/5114404,
0,Rapid transformation from auditory to linguistic representations of continuous speech,,"C Brodbeck, LE Hong, JZ Simon","Current Biology, ",2018,https://www.sciencedirect.com/science/article/pii/S096098221831409X,
0,"An open-source, high-performance tool for automated sleep staging",,"R Vallat, MP Walker","Elife, ",2021,https://elifesciences.org/articles/70092,
0,Autoreject: Automated artifact rejection for MEG and EEG data,,"M Jas, DA Engemann, Y Bekhti, F Raimondo…","NeuroImage, ",2017,https://www.sciencedirect.com/science/article/pii/S1053811917305013,
0,The restaurant at the end of the random walk: recent developments in the description of anomalous transport by fractional dynamics,,"R Metzler, J Klafter",Journal of Physics A: Mathematical and,2004,https://iopscience.iop.org/article/10.1088/0305-4470/37/31/R01/meta,
0,Anomalous transport in the crowded world of biological cells,,"F Höfling, T Franosch","Reports on Progress in Physics, ",2013,https://iopscience.iop.org/article/10.1088/0034-4885/76/4/046602/meta,
0,Hitchhikerʼs guide to the fractional Sobolev spaces,,"E Di Nezza, G Palatucci, E Valdinoci",Bulletin des sciences,2012,https://www.sciencedirect.com/science/article/pii/S0007449711001254,
0,"Anomalous diffusion models and their properties: non-stationarity, non-ergodicity, and ageing at the centenary of single particle tracking",,"R Metzler, JH Jeon, AG Cherstvy…",Physical Chemistry,2014,https://pubs.rsc.org/en/content/articlehtml/2014/cp/c4cp03465a,
0,The scaling laws of human travel,,"D Brockmann, L Hufnagel, T Geisel","Nature, ",2006,https://www.nature.com/articles/nature04292,
0,A review on porous polymeric membrane preparation. Part I: production techniques with polysulfone and poly (vinylidene fluoride),,"XM Tan, D Rodrigue","Polymers, ",2019,https://www.mdpi.com/493098,
0,A review on pore structure characterization in tight sandstones,,"J Lai, G Wang, Z Wang, J Chen, X Pang, S Wang…",E,arth,https://www.sciencedirect.com/science/article/pii/S0012825217305226,
0,The role of chemistry in fracture pattern development and opportunities to advance interpretations of geological materials,,"SE Laubach, RH Lander, LJ Criscenti…",Reviews of,2019,https://agupubs.onlinelibrary.wiley.com/doi/abs/10.1029/2019RG000671,
0,Nanoscale pore structure characterization of the Bakken shale in the USA,,"K Liu, M Ostadhassan, J Zhou, T Gentzis, R Rezaee","Fuel, ",2017,https://www.sciencedirect.com/science/article/pii/S0016236117310190,
0,Investigation on the pore structure and multifractal characteristics of tight oil reservoirs using NMR measurements: Permian Lucaogou Formation in Jimusaer Sag …,,"P Zhao, Z Wang, Z Sun, J Cai, L Wang","Marine and Petroleum Geology, ",2017,https://www.sciencedirect.com/science/article/pii/S0264817217302660,
0,The utilization of selective laser melting technology on heat transfer devices for thermal energy conversion applications: A review,,"D Jafari, WW Wits","Renewable and Sustainable Energy Reviews, ",2018,https://www.sciencedirect.com/science/article/pii/S1364032118302004,
0,Tortuosity of porous media: Image analysis and physical simulation,,"J Fu, HR Thomas, C Li",E,arth,https://www.sciencedirect.com/science/article/pii/S0012825220304852,
0,Shear mechanical responses of sandstone exposed to high temperature under constant normal stiffness boundary conditions,,"Q Yin, J Wu, C Zhu, M He, Q Meng, H Jing",…,2021,https://link.springer.com/article/10.1007/s40948-021-00234-9,
0,Small-angle X-ray and neutron scattering,,"CM Jeffries, J Ilavsky, A Martel, S Hinrichs…",Nature Reviews,2021,https://www.nature.com/articles/s43586-021-00064-9,
